source,destination
vpi/fr,innovation
https://entreprises.epfl.ch/,innovation/about
vpi/centres,innovation/about/domains
https://social-impact.epfl.ch/,innovation/about/social-impact
http://clipair.epfl.ch,innovation/about/domains/clipair
http://bioinspired.epfl.ch/,innovation/about/domains/bioinspired
https://sportstech.epfl.ch/,innovation/about/domains/sportstech
vpi/collaborationindustrielle,innovation/partner
vpi/partenariats_strategiques,innovation/partner/research-opportunities
vpi/pme,innovation/partner/tech-project
vpi/innovationpark_fr,innovation/partner/innovationpark
,innovation/partner/actu
vpi/entrepreneurship,innovation/entrepreneurship
vpi/student-entrepreneurship,innovation/entrepreneurship/students
vpi/student-entrepreneurship,innovation/entrepreneurship/students/events
vpi/student-entrepreneurship,innovation/entrepreneurship/students/trips
vpi/evp,innovation/entrepreneurship/students/evp
vpi/student-entrepreneurship,innovation/entrepreneurship/students/training
vpi/student-entrepreneurship,innovation/entrepreneurship/students/support
vpi/student-entrepreneurship,innovation/entrepreneurship/students/associations
vpi/xgrant,innovation/entrepreneurship/xgrant
vpi/resources-for-startups,innovation/startup
vpi/startup-advice,innovation/startup/advice
vpi/startup-espacebureau,innovation/startup/officespace
vpi/innogrants,innovation/startup/innogrants
vpi/page-152541-en.html,innovation/startup/innogrants/pastinnogrants
vpi/page-152541-en.html,innovation/startup/innogrants/pastinnogrants2017
vpi/page-141438-en.html,innovation/startup/innogrants/pastinnogrants2016
vpi/page-141438-en.html,innovation/startup/innogrants/pastinnogrants2015
vpi/page-117268-en.html,innovation/startup/innogrants/pastinnogrants2014
vpi/page-113382-en.html,innovation/startup/innogrants/pastinnogrants2013
vpi/page-74350-en.html,innovation/startup/innogrants/pastinnogrants2012
vpi/page-67052-en.html,innovation/startup/innogrants/pastinnogrants2011
vpi/page-44065-en.html,innovation/startup/innogrants/pastinnogrants2010
vpi/page-23004-en.html,innovation/startup/innogrants/pastinnogrants2009
vpi/page-23003-en.html,innovation/startup/innogrants/pastinnogrants2008
vpi/page-23002-en.html,innovation/startup/innogrants/pastinnogrants2007
vpi/page-23001-en.html,innovation/startup/innogrants/pastinnogrants2006
vpi/page-23000-en.html,innovation/startup/innogrants/pastinnogrants2005
vpi/startup-grants-and-awards,innovation/startup/grants
vpi/PrixMusy,innovation/startup/grants/prixmusy
vpi/PJE,innovation/startup/grants/pje
vpi/spinfund,innovation/startup/grants/spinfunds
vpi/startup-development,innovation/startup/development
vpi/startup-investments,innovation/startup/investors
vpi/startup-community,innovation/startup/community
vpi/startup-community,innovation/startup/events
vpi/start-up_champions,innovation/startup/events/champions
vpi/page-132399-en.html,innovation/startup/events/champions-spring2016
vpi/page-126992-en.html,innovation/startup/events//champions-fall2015
vpi/page-111595-en.html,innovation/startup/events/champions-fall2013
vpi/page-111596-en.html,innovation/startup/events/champions-spring2013
vpi/page-111597-en.html,innovation/startup/events/champions-fall2012
vpi/page-111598-en.html,innovation/startup/events/champions-fall2011
vpi/page-111599-en.html,innovation/startup/events/champions-spring2011
vpi/page-111600-en.html,innovation/startup/events/champions-fall2010
vpi/page-111601-en.html,innovation/startup/events/champions-spring2010
vpi/page-111602-en.html,innovation/startup/events/champions-fall2009
vpi/page-111603-en.html,innovation/startup/events/champions-spring2009
vpi/page-111604-en.html,innovation/startup/events/champions-fall2008
vpi/page-111605-en.html,innovation/startup/events/champions-spring2008
vpi/page-111606-en.html,innovation/startup/events/champions-fall2007
vpi/page-111607-en.html,innovation/startup/events/champions-spring2007
vpi/page-111608-en.html,innovation/startup/events/champions-spring2006
vpi/page-111609-en.html,innovation/startup/events/champions-fall2005
vpi/EPFL-Spin-offs,innovation/startup/epfl-spinoffs
,innovation/learn-develop
,innovation/join
vpi/contacts,innovation/contacts
vpi/medias/fr,innovation/news
vpi/evenements-actualites,innovation/events
vpi/startup_champions,innovation/events/startup-champion
vpi/180sec,innovation/events/180sec
vpi/pizzas-start-up_1,innovation/events/ps
vpi/gew17-fr,innovation/events/gew
vpi/page-111615-fr.html,innovation/events/pastevents