wp_site_url,openshift_env
https://www2018.epfl.ch/,sandbox
https://www2018.epfl.ch/schools/ic/,sandbox
https://www2018.epfl.ch/schools/enac/,sandbox
https://www2018.epfl.ch/schools/cdh/,sandbox
https://www2018.epfl.ch/schools/sb/,sandbox
https://www2018.epfl.ch/schools/sv/,sandbox
https://www2018.epfl.ch/schools/sti/,sandbox
https://www2018.epfl.ch/schools/cdm/,sandbox
https://www2018.epfl.ch/research/services/,sandbox
https://www2018.epfl.ch/about/overview/,sandbox
https://www2018.epfl.ch/about/governance/,sandbox
https://www2018.epfl.ch/about/president/,sandbox
https://www2018.epfl.ch/about/vice-presidencies/,sandbox
https://www2018.epfl.ch/research/services/,sandbox
https://www2018.epfl.ch/campus/services/,sandbox
https://www2018.epfl.ch/campus/restaurants-shops-hotels/,sandbox
https://www2018.epfl.ch/campus/events/,sandbox
https://www2018.epfl.ch/campus/security-safety/,sandbox
https://www2018.epfl.ch/about/philanthropy/,sandbox
https://www2018.epfl.ch/about/sustainability/,sandbox
https://www2018.epfl.ch/about/alumni/,sandbox
https://www2018.epfl.ch/campus/art-culture/,sandbox
https://www2018.epfl.ch/about/working/,sandbox
https://www2018.epfl.ch/education/bachelor/,sandbox
https://www2018.epfl.ch/education/master/,sandbox
https://www2018.epfl.ch/campus/,sandbox
https://www2018.epfl.ch/education/,sandbox
https://www2018.epfl.ch/about/,sandbox
https://www2018.epfl.ch/innovation/,sandbox
https://www2018.epfl.ch/research/,sandbox
https://www2018.epfl.ch/education/studies/,sandbox
https://www2018.epfl.ch/education/teaching/,sandbox
https://www2018.epfl.ch/education/admission/,sandbox
https://www2018.epfl.ch/education/about/,sandbox
https://www2018.epfl.ch/about/news-and-media/,sandbox
https://www2018.epfl.ch/about/campus/,sandbox