https://jahia2wp-httpd/backup;0.28446412086486816
https://jahia2wp-httpd/empty2010;0.32219552993774414
https://jahia2wp-httpd/empty2018;1.8504040241241455
https://jahia2wp-httpd/gutenberg;4.780476331710815
https://jahia2wp-httpd/inside;0.258286714553833
https://jahia2wp-httpd/intranet;0.2511124610900879
https://jahia2wp-httpd/people;1.162698745727539
https://jahia2wp-httpd/shs;0.9859330654144287
https://jahia2wp-httpd/stats;0.48349809646606445
https://jahia2wp-httpd/tt;0.2469954490661621
https://jahia2wp-httpd/www2018;0.5081753730773926
